1751976395.87695,-0.002297743,-0.006844886,0.060148321
1751976395.88296,-0.002297743,-0.006844886,0.060148321
1751976395.89093,-0.002164317,-0.006637813,0.060178263
1751976395.89895,-0.002008747,-0.006321466,0.060205884
1751976395.90699,-0.001833312,-0.006120949,0.060296666
1751976395.9151,-0.001833312,-0.006120949,0.060296666
1751976395.92294,-0.001755264,-0.005838809,0.060297616
1751976395.93093,-0.001614989,-0.005558765,0.060291099
1751976395.93893,-0.001614989,-0.005558765,0.060291099
1751976395.94698,-0.001534677,-0.005274932,0.060327396
1751976395.95499,-0.001357112,-0.004870132,0.060351821
1751976395.96297,-0.001238269,-0.004386092,0.060404722
1751976395.97095,-0.001238269,-0.004386092,0.060404722
1751976395.97896,-0.001180722,-0.0039732,0.060454991
1751976395.98694,-0.001002135,-0.003533426,0.060419556
1751976395.99499,-0.001002135,-0.003533426,0.060419556
1751976396.00296,-0.000845338,-0.003045133,0.060548681
1751976396.011,-0.000567072,-0.002537245,0.060563537
1751976396.01896,-0.000567072,-0.002537245,0.060563537
1751976396.02692,-0.000440402,-0.002049154,0.060619388
1751976396.035,-0.000249742,-0.00155524,0.060682673
1751976396.04299,-0.000093997,-0.001128528,0.060785481
1751976396.05095,-0.000093997,-0.001128528,0.060785481
1751976396.05895,0.000065417,-0.000648161,0.060888286
1751976396.06692,0.000329767,-0.000104851,0.061005384
1751976396.07496,0.000329767,-0.000104851,0.061005384
1751976396.08295,0.000527837,0.000307238,0.061138798
1751976396.09095,0.000699361,0.000944149,0.061170981
1751976396.09894,0.000699361,0.000944149,0.061170981
1751976396.10696,0.000893348,0.001533411,0.061218659
1751976396.11494,0.001133522,0.001859592,0.06131594
1751976396.12296,0.001284309,0.002247949,0.061385022
1751976396.13095,0.001284309,0.002247949,0.061385022
1751976396.13895,0.001420037,0.002610082,0.061538387
1751976396.14694,0.001692714,0.003125526,0.061694367
1751976396.15497,0.001692714,0.003125526,0.061694367
1751976396.16297,0.001996106,0.003707635,0.061890643
1751976396.17102,0.002249709,0.004248947,0.061978113
1751976396.17893,0.002539772,0.004677889,0.06207177
1751976396.18693,0.002539772,0.004677889,0.06207177
1751976396.19493,0.002768006,0.005114148,0.062241352
1751976396.20302,0.002945918,0.005564123,0.062361918
1751976396.21096,0.003209389,0.005980769,0.062439028
1751976396.21889,0.003209389,0.005980769,0.062439028
1751976396.22693,0.00341873,0.006558446,0.062590078
1751976396.23494,0.003593491,0.006976025,0.062635676
1751976396.24294,0.003762987,0.007290869,0.062774465
1751976396.25094,0.003762987,0.007290869,0.062774465
1751976396.25895,0.003926554,0.007703227,0.062841112
1751976396.26698,0.004045662,0.008020944,0.062900794
1751976396.27494,0.004045662,0.008020944,0.062900794
1751976396.28294,0.004250874,0.008503762,0.06299777
1751976396.29095,0.004307204,0.008856606,0.063001648
1751976396.29901,0.00449813,0.009278607,0.063117145
1751976396.307,0.00449813,0.009278607,0.063117145
1751976396.31495,0.004667199,0.009543862,0.063199522
1751976396.32295,0.004793212,0.009744452,0.063215787
1751976396.33096,0.004793212,0.009744452,0.063215787
1751976396.33896,0.004986792,0.009884556,0.063245727
1751976396.347,0.005028847,0.010254008,0.063258949
1751976396.35499,0.005087291,0.01063853,0.063244753
1751976396.36296,0.005087291,0.01063853,0.063244753
1751976396.37096,0.005234959,0.011114613,0.063327013
1751976396.37898,0.005372505,0.011491128,0.0633169
1751976396.38697,0.005372505,0.011491128,0.0633169
1751976396.39498,0.005593438,0.011756279,0.063393279
1751976396.40294,0.005803737,0.012141098,0.063540557
1751976396.41094,0.005803737,0.012141098,0.063540557
1751976396.41897,0.005970394,0.012671209,0.063658724
1751976396.42701,0.006066258,0.013142084,0.063701354
1751976396.43495,0.00620282,0.013449588,0.063850862
1751976396.44294,0.00620282,0.013449588,0.063850862
1751976396.45093,0.00639956,0.013772047,0.063893284
1751976396.45893,0.006582958,0.014012874,0.064008042
1751976396.46698,0.006764882,0.014229615,0.064083539
1751976396.47499,0.006764882,0.014229615,0.064083539
1751976396.48347,0.006726997,0.014581458,0.064088958
1751976396.49097,0.006899379,0.014934972,0.064151635
1751976396.49894,0.006899379,0.014934972,0.064151635
1751976396.507,0.006968414,0.015258369,0.064201161
1751976396.51499,0.007130816,0.015483528,0.064265168
1751976396.52296,0.007399853,0.015661133,0.064429582
1751976396.53096,0.007399853,0.015661133,0.064429582
1751976396.53895,0.007527605,0.0158792,0.064424527
1751976396.54694,0.007687849,0.016008579,0.064505563
1751976396.55496,0.007687849,0.016008579,0.064505563
1751976396.56299,0.007611936,0.016243004,0.064529082
1751976396.57095,0.007668076,0.01640947,0.064555518
1751976396.57895,0.007724213,0.016453842,0.064563822
1751976396.58695,0.007724213,0.016453842,0.064563822
1751976396.59495,0.007749014,0.016364361,0.064584277
1751976396.60294,0.00771305,0.016322525,0.064618718
1751976396.61094,0.007553135,0.016212397,0.06458407
1751976396.61894,0.007553135,0.016212397,0.06458407
1751976396.62693,0.00747006,0.016137575,0.064544553
1751976396.63496,0.007267103,0.01598519,0.064553203
1751976396.64295,0.007267103,0.01598519,0.064553203
1751976396.65096,0.00715219,0.015757254,0.06450787
1751976396.65894,0.007123836,0.015495952,0.064503031
1751976396.66694,0.007006343,0.015138078,0.064462448
1751976396.67493,0.007006343,0.015138078,0.064462448
1751976396.68299,0.006903407,0.014871689,0.064488745
1751976396.69096,0.006831344,0.014812982,0.064421527
1751976396.69901,0.006831344,0.014812982,0.064421527
1751976396.70693,0.00677525,0.014638316,0.064339626
1751976396.71494,0.006658237,0.014388172,0.064227755
1751976396.72296,0.006658237,0.014388172,0.064227755
1751976396.73097,0.006533962,0.014195133,0.064194877
1751976396.73896,0.006530984,0.013917067,0.064215646
1751976396.74695,0.00644712,0.01367094,0.06414969
1751976396.75493,0.00644712,0.01367094,0.06414969
1751976396.76296,0.006369519,0.013432756,0.064099253
1751976396.77092,0.006256981,0.013324051,0.064085376
1751976396.77901,0.006164808,0.013023963,0.064082127
1751976396.78696,0.006164808,0.013023963,0.064082127
1751976396.79493,0.006053154,0.012613284,0.063972278
1751976396.80296,0.00600383,0.012234942,0.063939429
1751976396.81102,0.005798742,0.011901153,0.063843477
1751976396.81898,0.005798742,0.011901153,0.063843477
1751976396.82699,0.005741986,0.01148113,0.063834375
1751976396.83488,0.005583005,0.011081373,0.063628891
1751976396.84301,0.005583005,0.011081373,0.063628891
1751976396.85098,0.005456335,0.010715283,0.063457329
1751976396.85897,0.005436899,0.0103363,0.063356552
1751976396.86698,0.005436899,0.0103363,0.063356552
1751976396.87496,0.00539234,0.009890599,0.063314946
1751976396.88298,0.005346764,0.009424624,0.063297846
1751976396.89096,0.005229021,0.008976947,0.063262016
1751976396.89898,0.005229021,0.008976947,0.063262016
1751976396.90697,0.005054374,0.008598728,0.063136032
1751976396.91496,0.004912251,0.008096375,0.063063064
1751976396.92296,0.004744887,0.007632565,0.06295471
1751976396.93094,0.004744887,0.007632565,0.06295471
1751976396.939,0.00463592,0.007008354,0.062890311
1751976396.94705,0.00434515,0.006384667,0.062786595
1751976396.95495,0.004099471,0.005905891,0.062627325
1751976396.96297,0.004099471,0.005905891,0.062627325
1751976396.97097,0.00382113,0.005316747,0.062445195
1751976396.97907,0.003623794,0.004815509,0.062200053
1751976396.98695,0.003623794,0.004815509,0.062200053
1751976396.99495,0.003444808,0.004198465,0.062027161
1751976397.00295,0.003164926,0.003714629,0.061844147
1751976397.01098,0.002800003,0.003036025,0.061498402
1751976397.01896,0.002800003,0.003036025,0.061498402
1751976397.02697,0.002569133,0.002540809,0.061327482
1751976397.03495,0.002319749,0.00213483,0.061255133
1751976397.04295,0.002029583,0.001721739,0.061082548
1751976397.05093,0.002029583,0.001721739,0.061082548
1751976397.05894,0.001777597,0.001288379,0.060880368
1751976397.06701,0.001620067,0.000866831,0.060797563
1751976397.07496,0.001620067,0.000866831,0.060797563
1751976397.08295,0.001470504,0.000379078,0.060777445
1751976397.09096,0.001199718,-0.000166497,0.060505421
1751976397.09896,0.001199718,-0.000166497,0.060505421
1751976397.10703,0.000937333,-0.000775185,0.060423129
1751976397.11494,0.000555396,-0.00153648,0.060265775
1751976397.12294,0.000555396,-0.00153648,0.060265775
1751976397.13097,0.00015196,-0.002267797,0.059872166
1751976397.13894,-0.000239863,-0.003248193,0.059596926
1751976397.14694,-0.000239863,-0.003248193,0.059596926
1751976397.15494,-0.000556098,-0.004113781,0.059340963
1751976397.16298,-0.000976859,-0.004961368,0.059034194
1751976397.17094,-0.000976859,-0.004961368,0.059034194
1751976397.17894,-0.001194934,-0.005825486,0.058846734
1751976397.18693,-0.001584287,-0.006631386,0.058564387
1751976397.19502,-0.001942289,-0.007312384,0.05825629
1751976397.20299,-0.001942289,-0.007312384,0.05825629
1751976397.211,-0.002122579,-0.007917328,0.058061236
1751976397.21895,-0.002246594,-0.008575913,0.057964603
1751976397.22699,-0.002246594,-0.008575913,0.057964603
1751976397.23497,-0.002479898,-0.009045877,0.057868173
1751976397.24294,-0.002648385,-0.00947837,0.057727726
1751976397.25095,-0.002816267,-0.009816261,0.057607624
1751976397.25897,-0.002816267,-0.009816261,0.057607624
1751976397.26693,-0.002854483,-0.010253375,0.057539853
1751976397.27494,-0.002950134,-0.010828975,0.057474512
1751976397.28296,-0.002950134,-0.010828975,0.057474512
1751976397.29098,-0.0031888,-0.011338508,0.057306299
1751976397.29896,-0.003306633,-0.012048147,0.057128104
1751976397.30693,-0.003349211,-0.012628954,0.057142273
1751976397.31493,-0.003349211,-0.012628954,0.057142273
1751976397.323,-0.003623496,-0.013298933,0.056911141
1751976397.3309,-0.003801755,-0.013880323,0.056713964
1751976397.33896,-0.003801755,-0.013880323,0.056713964
1751976397.34699,-0.003933529,-0.014415318,0.056648822
1751976397.35497,-0.004057653,-0.015093487,0.056524125
1751976397.36299,-0.004102393,-0.015408283,0.056475393
1751976397.37099,-0.004102393,-0.015408283,0.056475393
1751976397.37902,-0.004178313,-0.01571611,0.056356616
1751976397.38695,-0.004183263,-0.015968171,0.056328197
1751976397.39495,-0.004183263,-0.015968171,0.056328197
1751976397.40295,-0.004272005,-0.016316117,0.056278495
1751976397.41096,-0.004247837,-0.016598323,0.056260399
1751976397.41895,-0.004311991,-0.016840481,0.056264531
1751976397.42696,-0.004311991,-0.016840481,0.056264531
1751976397.43494,-0.004309442,-0.017051111,0.056269645
1751976397.44294,-0.00430149,-0.017322166,0.056305111
1751976397.45096,-0.00430149,-0.017322166,0.056305111
1751976397.45899,-0.004277788,-0.017583257,0.056329574
1751976397.46694,-0.004264969,-0.017740464,0.056256532
1751976397.47494,-0.004345569,-0.018016387,0.056235153
1751976397.48297,-0.004345569,-0.018016387,0.056235153
1751976397.49093,-0.004423076,-0.01819813,0.056200408
1751976397.49899,-0.004445551,-0.018512039,0.056118746
1751976397.50694,-0.0045756,-0.019030867,0.055979906
1751976397.51499,-0.0045756,-0.019030867,0.055979906
1751976397.52293,-0.004629537,-0.019367702,0.055879555
1751976397.53093,-0.004684974,-0.019666898,0.055902158
1751976397.53894,-0.004779011,-0.019977406,0.055800622
1751976397.54704,-0.004779011,-0.019977406,0.055800622
1751976397.55495,-0.004847625,-0.020157084,0.055751798
1751976397.56294,-0.004819883,-0.020398837,0.055679672
1751976397.571,-0.004851587,-0.020591089,0.055642952
1751976397.579,-0.004851587,-0.020591089,0.055642952
1751976397.58701,-0.004791969,-0.020689944,0.055672592
1751976397.59498,-0.004743478,-0.02086353,0.055710313
1751976397.60293,-0.004762994,-0.020943192,0.055699763
1751976397.61097,-0.004762994,-0.020943192,0.055699763
1751976397.61893,-0.004737363,-0.021015131,0.055722884
1751976397.627,-0.004755365,-0.021221432,0.055767296
1751976397.63494,-0.004830088,-0.021472693,0.055664934
1751976397.64296,-0.004830088,-0.021472693,0.055664934
1751976397.65093,-0.004784754,-0.021707396,0.055719033
1751976397.65895,-0.004884806,-0.021979589,0.055692863
1751976397.66695,-0.004942878,-0.022267509,0.055610455
1751976397.67498,-0.004942878,-0.022267509,0.055610455
1751976397.68295,-0.004906131,-0.022652306,0.055637443
1751976397.69093,-0.005052546,-0.023104684,0.055510708
1751976397.69894,-0.005052546,-0.023104684,0.055510708
1751976397.707,-0.00511788,-0.023619324,0.055368532
1751976397.71496,-0.005191558,-0.024180395,0.055311751
1751976397.72294,-0.005191558,-0.024180395,0.055311751
1751976397.73093,-0.005229182,-0.024629085,0.055309213
1751976397.73896,-0.00527329,-0.024959829,0.055238084
1751976397.74689,-0.00527329,-0.024959829,0.055238084
1751976397.75494,-0.00535029,-0.025147348,0.055243523
1751976397.76295,-0.00523399,-0.02533005,0.055195437
1751976397.77095,-0.005116658,-0.025505155,0.055234229
1751976397.77894,-0.005116658,-0.025505155,0.055234229
1751976397.78693,-0.005103943,-0.025633756,0.055204861
1751976397.79495,-0.005054499,-0.025714446,0.055236406
1751976397.80299,-0.004972361,-0.025926464,0.0552408
1751976397.81098,-0.004972361,-0.025926464,0.0552408
1751976397.81895,-0.004999841,-0.026095122,0.055233689
1751976397.82694,-0.005056391,-0.026388632,0.055248978
1751976397.83496,-0.005063426,-0.02665937,0.05521185
1751976397.84295,-0.005063426,-0.02665937,0.05521185
1751976397.85094,-0.004984965,-0.026977136,0.05524774
1751976397.85899,-0.004977585,-0.027255482,0.055240267
1751976397.86697,-0.005034978,-0.027530363,0.055206446
1751976397.87495,-0.005034978,-0.027530363,0.055206446
1751976397.88298,-0.005087603,-0.027795754,0.055167264
1751976397.89096,-0.005222868,-0.028060601,0.055096623
1751976397.89896,-0.005092209,-0.028331208,0.055165117
1751976397.90694,-0.005092209,-0.028331208,0.055165117
1751976397.91502,-0.005109775,-0.028556526,0.055013981
1751976397.92295,-0.005113406,-0.028815086,0.054941389
1751976397.93096,-0.005039821,-0.029048811,0.054967764
1751976397.93895,-0.005039821,-0.029048811,0.054967764
1751976397.94695,-0.005103526,-0.029259539,0.054876061
1751976397.95495,-0.005035561,-0.029417057,0.054976227
1751976397.96305,-0.005035561,-0.029417057,0.054976227
1751976397.97099,-0.005091241,-0.029616345,0.054963809
1751976397.97896,-0.005114961,-0.0297794,0.05495477
1751976397.98698,-0.005114961,-0.0297794,0.05495477
1751976397.99497,-0.005119983,-0.029897415,0.05490519
1751976398.00295,-0.00517385,-0.029924395,0.054891898
1751976398.01098,-0.005171485,-0.030026315,0.054878255
1751976398.01895,-0.005171485,-0.030026315,0.054878255
1751976398.02698,-0.005225214,-0.03015955,0.05481541
1751976398.03495,-0.00532495,-0.030206372,0.054791602
1751976398.04292,-0.005510172,-0.030332308,0.054761295
1751976398.05097,-0.005510172,-0.030332308,0.054761295
1751976398.05895,-0.005725497,-0.030358105,0.054640315
1751976398.06706,-0.005950996,-0.030353855,0.054609785
1751976398.07495,-0.005950996,-0.030353855,0.054609785
1751976398.08298,-0.006083395,-0.030171551,0.054598556
1751976398.09096,-0.006234548,-0.029986096,0.054519794
1751976398.09899,-0.006234548,-0.029986096,0.054519794
1751976398.1069,-0.006453613,-0.029776474,0.054413662
1751976398.11494,-0.006509253,-0.029604105,0.054434907
1751976398.1229,-0.006697217,-0.029276031,0.054512161
1751976398.13095,-0.006697217,-0.029276031,0.054512161
1751976398.13896,-0.007016733,-0.029039641,0.054469276
1751976398.14688,-0.007303212,-0.028859822,0.054441109
1751976398.15499,-0.007303212,-0.028859822,0.054441109
1751976398.16302,-0.007506693,-0.028641792,0.054510533
1751976398.17092,-0.007741862,-0.028409531,0.054467365
1751976398.17896,-0.007964801,-0.028189293,0.054462348
1751976398.18696,-0.007964801,-0.028189293,0.054462348
1751976398.19496,-0.008173118,-0.028053236,0.054500123
1751976398.20296,-0.008553828,-0.027827146,0.054442764
1751976398.21094,-0.008553828,-0.027827146,0.054442764
1751976398.21895,-0.008909571,-0.027716545,0.054467542
1751976398.22695,-0.009166371,-0.027670901,0.054442581
1751976398.23493,-0.009427802,-0.027526292,0.054488915
1751976398.24298,-0.009427802,-0.027526292,0.054488915
1751976398.25098,-0.009759672,-0.027388439,0.054455071
1751976398.25895,-0.010018113,-0.027163962,0.05445656
1751976398.26696,-0.010018113,-0.027163962,0.05445656
1751976398.27496,-0.010229154,-0.026926098,0.054443563
1751976398.28296,-0.010443513,-0.026698195,0.054469298
1751976398.29102,-0.010443513,-0.026698195,0.054469298
1751976398.29895,-0.010674833,-0.026474011,0.054426023
1751976398.30696,-0.01087136,-0.026323301,0.054462409
1751976398.31495,-0.01087136,-0.026323301,0.054462409
1751976398.32295,-0.011081039,-0.026098261,0.054493566
1751976398.33094,-0.011233668,-0.025899912,0.054480461
1751976398.33893,-0.011398928,-0.025720592,0.054488921
1751976398.34699,-0.011398928,-0.025720592,0.054488921
1751976398.355,-0.011674383,-0.025480566,0.054521908
1751976398.36297,-0.011932427,-0.025318662,0.054534976
1751976398.37095,-0.011932427,-0.025318662,0.054534976
1751976398.37897,-0.012107803,-0.025116611,0.054545161
1751976398.38695,-0.0124126,-0.025048341,0.054553429
1751976398.39495,-0.0124126,-0.025048341,0.054553429
1751976398.40295,-0.012675843,-0.024980206,0.054589732
1751976398.41099,-0.012934758,-0.024787925,0.054619274
1751976398.41895,-0.013228949,-0.024655806,0.054611005
1751976398.42696,-0.013228949,-0.024655806,0.054611005
1751976398.43493,-0.013402506,-0.024471472,0.054619383
1751976398.443,-0.013574754,-0.024320065,0.054715096
1751976398.45094,-0.013574754,-0.024320065,0.054715096
1751976398.45888,-0.013798177,-0.024094679,0.054674864
1751976398.46694,-0.013933788,-0.023906442,0.054749684
1751976398.47498,-0.014145262,-0.023667725,0.054834728
1751976398.48305,-0.014145262,-0.023667725,0.054834728
1751976398.49095,-0.014364979,-0.023430186,0.054944452
1751976398.49898,-0.014400482,-0.023185904,0.055012182
1751976398.50696,-0.014466233,-0.022882841,0.055070916
1751976398.51488,-0.014466233,-0.022882841,0.055070916
1751976398.523,-0.014590856,-0.022566499,0.055093109
1751976398.53091,-0.014705079,-0.022338329,0.055185127
1751976398.53896,-0.014705079,-0.022338329,0.055185127
1751976398.54693,-0.014838135,-0.022062474,0.055264172
1751976398.55493,-0.014877255,-0.021813387,0.055285702
1751976398.56298,-0.014952282,-0.02168793,0.055364033
1751976398.57097,-0.014952282,-0.02168793,0.055364033
1751976398.57889,-0.015088821,-0.021494103,0.055376866
1751976398.58695,-0.015340365,-0.021285713,0.055328443
1751976398.59496,-0.015340365,-0.021285713,0.055328443
1751976398.60295,-0.015411542,-0.02113806,0.055415276
1751976398.61097,-0.01556545,-0.020929452,0.055392234
1751976398.61899,-0.01556545,-0.020929452,0.055392234
1751976398.62694,-0.015603122,-0.020824878,0.055482195
1751976398.63494,-0.015745425,-0.020502342,0.055488116
1751976398.64295,-0.015796135,-0.020324001,0.055495674
1751976398.65096,-0.015796135,-0.020324001,0.055495674
1751976398.65895,-0.015967298,-0.020217348,0.055537015
1751976398.66695,-0.015944066,-0.019992765,0.055648679
1751976398.67494,-0.015944066,-0.019992765,0.055648679
1751976398.68294,-0.016021181,-0.019751839,0.055721677
1751976398.69095,-0.016123674,-0.019662078,0.055795761
1751976398.69905,-0.016067397,-0.0194746,0.055917031
1751976398.70697,-0.016067397,-0.0194746,0.055917031
1751976398.71495,-0.016200893,-0.019192775,0.055996143
1751976398.72294,-0.016242796,-0.018993467,0.056036784
1751976398.73103,-0.016297685,-0.018893932,0.056074037
1751976398.73896,-0.016297685,-0.018893932,0.056074037
1751976398.74689,-0.016277077,-0.0188234,0.056107208
1751976398.75495,-0.016338588,-0.018830866,0.0560635
1751976398.76297,-0.016338588,-0.018830866,0.0560635
1751976398.77093,-0.016393654,-0.018735133,0.056160105
1751976398.77893,-0.016288502,-0.018657248,0.056190841
1751976398.787,-0.016288502,-0.018657248,0.056190841
1751976398.79497,-0.016419499,-0.01859854,0.056177574
1751976398.80293,-0.016521945,-0.018498445,0.056111845
1751976398.81093,-0.016521945,-0.018498445,0.056111845
1751976398.81895,-0.016509309,-0.018352379,0.056116791
1751976398.82697,-0.016504328,-0.018336304,0.056154994
1751976398.83494,-0.016563748,-0.018321584,0.056152844
1751976398.84295,-0.016563748,-0.018321584,0.056152844
1751976398.85092,-0.01652393,-0.018312848,0.056216605
1751976398.859,-0.016607597,-0.018300875,0.05623425
1751976398.86708,-0.016770451,-0.018232447,0.056167915
1751976398.87497,-0.016770451,-0.018232447,0.056167915
1751976398.88294,-0.016725425,-0.018077629,0.056278863
1751976398.89104,-0.016583809,-0.018045848,0.056334953
1751976398.89898,-0.016587831,-0.018043246,0.056266457
1751976398.90697,-0.016587831,-0.018043246,0.056266457
1751976398.91497,-0.016510837,-0.018029448,0.056304496
1751976398.92296,-0.016487488,-0.018047216,0.056270645
1751976398.93095,-0.016487488,-0.018047216,0.056270645
1751976398.93898,-0.016453931,-0.018054047,0.0562621
1751976398.94704,-0.016424583,-0.018068514,0.056282315
1751976398.95512,-0.016369781,-0.018110971,0.05629423
1751976398.96296,-0.016369781,-0.018110971,0.05629423
1751976398.97095,-0.016123401,-0.018095332,0.056292125
1751976398.97895,-0.016021071,-0.018095725,0.056334103
1751976398.98697,-0.016021071,-0.018095725,0.056334103
1751976398.99496,-0.015843164,-0.018115755,0.056278755
1751976399.00295,-0.015574477,-0.018096304,0.056230029
1751976399.01094,-0.015574477,-0.018096304,0.056230029
1751976399.01896,-0.015422,-0.018083407,0.056205291
1751976399.02696,-0.015188511,-0.018038918,0.056225566
1751976399.03496,-0.014815155,-0.018076061,0.056228616
1751976399.04298,-0.014815155,-0.018076061,0.056228616
1751976399.05096,-0.014377025,-0.018084942,0.056289719
1751976399.05898,-0.014022596,-0.018072431,0.05626403
1751976399.06696,-0.014022596,-0.018072431,0.05626403
1751976399.07496,-0.013497791,-0.018065902,0.056154338
1751976399.08312,-0.012991085,-0.017993811,0.056116498
1751976399.09095,-0.012486005,-0.017970597,0.05598852
1751976399.09896,-0.012486005,-0.017970597,0.05598852
1751976399.10698,-0.012143965,-0.01799717,0.055848823
1751976399.11497,-0.012029304,-0.018093535,0.055701578
1751976399.12298,-0.012029304,-0.018093535,0.055701578
1751976399.13095,-0.011985313,-0.018216772,0.055748488
1751976399.13894,-0.012006872,-0.018265781,0.055653702
1751976399.14745,-0.011919108,-0.018354855,0.055753096
1751976399.15494,-0.011919108,-0.018354855,0.055753096
1751976399.16295,-0.011929886,-0.018353719,0.055696079
1751976399.17095,-0.011927971,-0.018329726,0.055747125
1751976399.17896,-0.011927971,-0.018329726,0.055747125
1751976399.18695,-0.01179863,-0.018321273,0.055802715
1751976399.19494,-0.011811937,-0.018276553,0.055794555
1751976399.20296,-0.011725863,-0.018191254,0.055784816
1751976399.21109,-0.011725863,-0.018191254,0.055784816
1751976399.21894,-0.011726246,-0.018142479,0.055769163
1751976399.22696,-0.011749794,-0.018057553,0.055762241
1751976399.23495,-0.011740992,-0.018149495,0.055833669
1751976399.24297,-0.011740992,-0.018149495,0.055833669
1751976399.25098,-0.011794991,-0.018101966,0.055735033
1751976399.25899,-0.011786969,-0.01810149,0.055720424
1751976399.26698,-0.011786969,-0.01810149,0.055720424
1751976399.27495,-0.011809418,-0.0181657,0.055699614
1751976399.28295,-0.011790425,-0.018094904,0.055665885
1751976399.29092,-0.01185131,-0.018112938,0.05565339
1751976399.29898,-0.01185131,-0.018112938,0.05565339
1751976399.307,-0.011804932,-0.018266092,0.055727375
1751976399.31497,-0.011788107,-0.018281584,0.05574879
1751976399.32297,-0.011788107,-0.018281584,0.05574879
1751976399.33095,-0.011790993,-0.018288067,0.055724691
1751976399.33903,-0.011809244,-0.018220833,0.055782381
1751976399.34701,-0.01183018,-0.018164817,0.055781524
1751976399.355,-0.01183018,-0.018164817,0.055781524
1751976399.36294,-0.011807591,-0.018145543,0.055728375
1751976399.37097,-0.0117948,-0.018081041,0.055772462
1751976399.379,-0.011722971,-0.018129736,0.055757328
1751976399.38699,-0.011722971,-0.018129736,0.055757328
1751976399.39493,-0.011684706,-0.018149023,0.05576742
1751976399.40296,-0.011709736,-0.01814291,0.055750351
1751976399.41093,-0.011711848,-0.018159123,0.055732475
1751976399.41895,-0.011711848,-0.018159123,0.055732475
1751976399.42697,-0.011796111,-0.018214839,0.055760855
1751976399.43496,-0.011769303,-0.01822446,0.055768459
1751976399.44298,-0.01178512,-0.018237836,0.055868296
1751976399.45094,-0.01178512,-0.018237836,0.055868296
1751976399.45894,-0.011794584,-0.018298949,0.055835844
1751976399.46704,-0.011745815,-0.018317668,0.055865613
1751976399.47497,-0.011745815,-0.018317668,0.055865613
1751976399.48298,-0.0118046,-0.01831825,0.055779846
1751976399.49094,-0.01184092,-0.01827814,0.055764813
1751976399.49895,-0.01184092,-0.01827814,0.055764813
1751976399.50697,-0.011818227,-0.018284816,0.055769646
1751976399.515,-0.011859143,-0.018282964,0.055765236
1751976399.52295,-0.011727103,-0.018277253,0.055871608
1751976399.53096,-0.011727103,-0.018277253,0.055871608
1751976399.53894,-0.011692054,-0.018243329,0.055830641
1751976399.54695,-0.011690366,-0.018188363,0.055860708
1751976399.55494,-0.011734847,-0.018203807,0.055789978
1751976399.56301,-0.011734847,-0.018203807,0.055789978
1751976399.57099,-0.011648815,-0.01816522,0.055830554
1751976399.57907,-0.011678711,-0.018183058,0.055886663
1751976399.58694,-0.011684867,-0.01823894,0.055884952
1751976399.59508,-0.011684867,-0.01823894,0.055884952
1751976399.603,-0.011747858,-0.018217679,0.055791801
1751976399.61094,-0.011691811,-0.018229821,0.05587642
1751976399.61894,-0.011691811,-0.018229821,0.05587642
1751976399.62696,-0.011735549,-0.018221878,0.055816578
1751976399.63495,-0.011754646,-0.01825338,0.055814416
1751976399.64298,-0.011746043,-0.01824427,0.055764044
1751976399.65094,-0.011746043,-0.01824427,0.055764044
1751976399.65895,-0.011760801,-0.018280207,0.055775538
1751976399.66695,-0.011718318,-0.018275846,0.055798385
1751976399.67496,-0.011717095,-0.018311948,0.055780523
